Period,Average House Price,Rate,CPI,FTSE 100,Gold,Net Debt,Nominal Pay Growth,Consumer Spending,Non-financial UK Net Return,CPI Index
1980-01-01,19273,16.0,14.7,997.5,288.11,88.6,,128436.0,,
1980-02-01,19273,16.0,15.1,997.5,280.25,88.6,,128436.0,,
1980-03-01,19273,16.0,15.7,997.5,228.51,98.2,,128436.0,,
1980-04-01,20044,16.0,17.7,997.5,229.36,98.2,,125085.0,,
1980-05-01,20044,16.0,17.8,997.5,228.36,98.2,,125085.0,,
1980-06-01,20044,16.0,17.4,997.5,277.32,98.2,,125085.0,,
1980-07-01,20857,16.0,14.2,997.5,262.16,98.2,,126726.0,,
1980-08-01,20857,16.0,13.7,997.5,263.41,98.2,,126726.0,,
1980-09-01,20857,16.0,13.3,997.5,279.27,98.2,,126726.0,,
1980-10-01,20897,16.0,12.8,997.5,258.16,98.2,,124309.0,,
1980-11-01,20897,14.0,12.8,997.5,262.83,98.2,,124309.0,,
1980-12-01,20897,14.0,12.5,997.5,246.65,98.2,,124309.0,,
1981-01-01,20938,14.0,11.7,997.5,213.98,98.2,,126574.0,,
1981-02-01,20938,14.0,11.7,997.5,221.77,98.2,,126574.0,,
1981-03-01,20938,12.0,12.3,997.5,228.89,113.8,,126574.0,,
1981-04-01,21507,12.0,11.7,997.5,225.53,113.8,,126512.0,,
1981-05-01,21507,12.0,11.5,997.5,231.52,113.8,,126512.0,,
1981-06-01,21507,12.0,11.1,997.5,220.67,113.8,,126512.0,,
1981-07-01,21852,12.0,10.7,997.5,220.47,113.8,,126598.0,,
1981-08-01,21852,12.69,11.0,997.5,229.85,113.8,,126598.0,,
1981-09-01,21852,14.0,11.0,997.5,237.53,113.8,,126598.0,,
1981-10-01,21425,15.13,11.2,997.5,229.57,113.8,,126245.0,,
1981-10-01,21425,15.0,11.2,997.5,229.57,113.8,,126245.0,,
1981-11-01,21425,14.56,11.0,997.5,212.02,113.8,,126245.0,,
1981-11-01,21425,14.63,11.0,997.5,212.02,113.8,,126245.0,,
1981-11-01,21425,15.06,11.0,997.5,212.02,113.8,,126245.0,,
1981-12-01,21425,14.38,10.9,997.5,208.22,113.8,,126245.0,,
1982-01-01,20897,13.88,10.9,997.5,205.74,113.8,,126668.0,,
1982-01-01,20897,14.0,10.9,997.5,205.74,113.8,,126668.0,,
1982-01-01,20897,14.13,10.9,997.5,205.74,113.8,,126668.0,,
1982-01-01,20897,14.25,10.9,997.5,205.74,113.8,,126668.0,,
1982-01-01,20897,14.31,10.9,997.5,205.74,113.8,,126668.0,,
1982-02-01,20897,13.63,10.2,997.5,199.07,113.8,,126668.0,,
1982-02-01,20897,13.81,10.2,997.5,199.07,113.8,,126668.0,,
1982-03-01,20897,13.25,9.1,997.5,179.57,125.2,,126668.0,,
1982-04-01,21811,13.13,8.6,997.5,201.37,125.2,,126571.0,,
1982-04-01,21811,13.0,8.6,997.5,201.37,125.2,,126571.0,,
1982-04-01,21811,13.13,8.6,997.5,201.37,125.2,,126571.0,,
1982-05-01,21811,13.13,8.7,997.5,181.65,125.2,,126571.0,,
1982-06-01,21811,12.63,8.3,997.5,182.1,125.2,,126571.0,,
1982-07-01,22360,11.63,7.9,997.5,197.3,125.2,,128702.0,,
1982-07-01,22360,11.75,7.9,997.5,197.3,125.2,,128702.0,,
1982-07-01,22360,11.81,7.9,997.5,197.3,125.2,,128702.0,,
1982-07-01,22360,11.94,7.9,997.5,197.3,125.2,,128702.0,,
1982-07-01,22360,12.06,7.9,997.5,197.3,125.2,,128702.0,,
1982-07-01,22360,12.13,7.9,997.5,197.3,125.2,,128702.0,,
1982-07-01,22360,12.25,7.9,997.5,197.3,125.2,,128702.0,,
1982-07-01,22360,12.5,7.9,997.5,197.3,125.2,,128702.0,,
1982-08-01,22360,10.63,7.4,997.5,239.66,125.2,,128702.0,,
1982-08-01,22360,10.88,7.4,997.5,239.66,125.2,,128702.0,,
1982-08-01,22360,11.0,7.4,997.5,239.66,125.2,,128702.0,,
1982-08-01,22360,11.13,7.4,997.5,239.66,125.2,,128702.0,,
1982-08-01,22360,11.25,7.4,997.5,239.66,125.2,,128702.0,,
1982-08-01,22360,11.38,7.4,997.5,239.66,125.2,,128702.0,,
1982-08-01,22360,11.5,7.4,997.5,239.66,125.2,,128702.0,,
1982-08-01,22360,11.56,7.4,997.5,239.66,125.2,,128702.0,,
1982-09-01,22360,10.13,7.1,997.5,234.29,125.2,,128702.0,,
1982-09-01,22360,10.25,7.1,997.5,234.29,125.2,,128702.0,,
1982-09-01,22360,10.38,7.1,997.5,234.29,125.2,,128702.0,,
1982-09-01,22360,10.5,7.1,997.5,234.29,125.2,,128702.0,,
1982-10-01,22685,9.63,6.7,997.5,252.39,125.2,,129796.0,,
1982-11-01,22685,10.0,6.6,997.5,268.56,125.2,,129796.0,,
1982-11-01,22685,9.13,6.6,997.5,268.56,125.2,,129796.0,,
1982-11-01,22685,9.38,6.6,997.5,268.56,125.2,,129796.0,,
1982-12-01,22685,9.38,6.5,997.5,282.47,125.2,,129796.0,,
1983-01-01,23355,11.0,5.9,997.5,328.62,125.2,,131753.0,,
1983-02-01,23355,11.0,6.0,997.5,269.64,125.2,,131753.0,,
1983-03-01,23355,10.56,5.4,997.5,279.58,132.5,,131753.0,,
1983-04-01,24167,10.06,4.6,997.5,275.07,132.5,,132591.0,,
1983-04-01,24167,10.31,4.6,997.5,275.07,132.5,,132591.0,,
1983-05-01,24167,10.31,4.1,997.5,272.67,132.5,,132591.0,,
1983-06-01,24167,9.56,4.1,997.5,271.9,132.5,,132591.0,,
1983-06-01,24167,9.81,4.1,997.5,271.9,132.5,,132591.0,,
1983-07-01,25183,9.81,4.4,997.5,277.5,132.5,,134749.0,,
1983-08-01,25183,9.56,4.8,997.5,277.28,132.5,,134749.0,,
1983-08-01,25183,9.44,4.8,997.5,277.28,132.5,,134749.0,,
1983-09-01,25183,9.44,4.9,997.5,270.54,132.5,,134749.0,,
1983-10-01,25386,9.06,4.8,997.5,255.43,132.5,,134800.0,,
1983-11-01,25386,9.06,4.7,997.5,276.26,132.5,,134800.0,,
1983-12-01,25386,9.06,4.6,997.5,263.45,132.5,,134800.0,,
1984-01-01,25589,9.06,4.5,997.5,266.68,132.5,,135619.0,,
1984-02-01,25589,9.06,4.3,1060.300048828125,264.51,132.5,,135619.0,,
1984-03-01,25589,8.56,4.4,1046.0999755859375,269.32,143.6,,135619.0,,
1984-03-01,25589,8.81,4.4,1046.0999755859375,269.32,143.6,,135619.0,,
1984-04-01,26401,8.81,4.8,1108.0999755859375,268.72,143.6,,136699.0,,
1984-05-01,26401,9.06,4.9,1136.800048828125,277.34,143.6,,136699.0,,
1984-06-01,26401,8.88,4.8,1055.800048828125,275.01,143.6,,136699.0,,
1984-07-01,27416,12.0,4.5,1047.5999755859375,261.84,143.6,,135975.0,,
1984-07-01,27416,10.0,4.5,1047.5999755859375,261.84,143.6,,135975.0,,
1984-08-01,27416,10.5,4.3,1018.0999755859376,266.14,143.6,,135975.0,,
1984-08-01,27416,10.75,4.3,1018.0999755859376,266.14,143.6,,135975.0,,
1984-08-01,27416,11.0,4.3,1018.0999755859376,266.14,143.6,,135975.0,,
1984-08-01,27416,11.5,4.3,1018.0999755859376,266.14,143.6,,135975.0,,
1984-09-01,27416,11.5,4.0,1105.300048828125,278.34,143.6,,135975.0,,
1984-10-01,27823,11.5,4.1,1127.699951171875,273.14,143.6,,138537.0,,
1984-11-01,27823,9.5,4.1,1158.4000244140625,274.62,143.6,,138537.0,,
1984-11-01,27823,9.75,4.1,1158.4000244140625,274.62,143.6,,138537.0,,
1984-11-01,27823,10.0,4.1,1158.4000244140625,274.62,143.6,,138537.0,,
1984-12-01,27823,10.0,4.0,1191.699951171875,266.01,143.6,,138537.0,,
1985-01-01,27823,13.88,4.5,1220.0,271.13,143.6,,141730.0,,
1985-01-01,27823,11.88,4.5,1220.0,271.13,143.6,,141730.0,,
1985-02-01,27823,11.88,4.9,1272.5999755859375,266.44,143.6,,141730.0,,
1985-03-01,27823,12.88,5.3,1250.800048828125,266.06,157.0,,141730.0,,
1985-03-01,27823,13.38,5.3,1250.800048828125,266.06,157.0,,141730.0,,
1985-04-01,28838,12.38,5.4,1278.300048828125,258.63,157.0,,142472.0,,
1985-05-01,28838,12.38,5.3,1301.5,244.07,157.0,,142472.0,,
1985-06-01,28838,12.38,5.3,1324.5999755859375,242.56,157.0,,142472.0,,
1985-07-01,29447,11.38,5.2,1246.800048828125,232.52,157.0,,144493.0,,
1985-07-01,29447,11.88,5.2,1246.800048828125,232.52,157.0,,144493.0,,
1985-08-01,29447,11.88,5.2,1287.199951171875,239.23,157.0,,144493.0,,
1985-09-01,29447,11.88,5.4,1340.300048828125,231.19,157.0,,144493.0,,
1985-10-01,30463,11.88,5.1,1296.0,225.61,157.0,,145621.0,,
1985-11-01,30463,11.88,5.1,1379.0,218.54,157.0,,145621.0,,
1985-12-01,30463,11.88,5.1,1418.5,226.08,157.0,,145621.0,,
1986-01-01,31072,12.38,4.9,1420.5,248.05,157.0,,149625.0,,
1986-02-01,31072,12.38,4.6,1425.0999755859375,233.69,157.0,,149625.0,,
1986-03-01,31072,11.38,3.9,1534.9000244140625,231.81,162.5,,149625.0,,
1986-04-01,32494,10.38,3.4,1684.0,222.92,162.5,,151978.0,,
1986-04-01,32494,10.88,3.4,1684.0,222.92,162.5,,151978.0,,
1986-05-01,32494,9.88,3.3,1640.0999755859375,233.07,162.5,,151978.0,,
1986-06-01,32494,9.88,3.5,1596.5,226.26,162.5,,151978.0,,
1986-07-01,33915,9.88,3.4,1660.800048828125,239.53,162.5,,152962.0,,
1986-08-01,33915,9.88,3.5,1561.800048828125,258.45,162.5,,152962.0,,
1986-09-01,33915,9.88,3.6,1672.800048828125,292.47,162.5,,152962.0,,
1986-10-01,34931,10.88,3.5,1578.300048828125,285.31,162.5,,153702.0,,
1986-11-01,34931,10.88,3.3,1639.199951171875,271.71,162.5,,153702.0,,
1986-12-01,34931,10.88,3.5,1617.800048828125,262.23,162.5,,153702.0,,
1987-01-01,35946,10.88,3.6,1681.0999755859375,264.62,162.5,,155439.0,,
1987-02-01,35946,10.88,3.7,1832.800048828125,262.52,162.5,,155439.0,,
1987-03-01,35946,9.88,3.7,1983.0999755859373,262.31,167.8,,155439.0,,
1987-03-01,35946,10.38,3.7,1983.0999755859373,262.31,167.8,,155439.0,,
1987-04-01,37571,9.38,3.3,1973.0999755859373,272.96,167.8,,158041.0,,
1987-05-01,37571,8.88,3.4,2068.5,276.69,167.8,,158041.0,,
1987-06-01,37571,8.88,3.1,2228.199951171875,277.22,167.8,,158041.0,,
1987-07-01,39398,8.88,3.1,2269.800048828125,290.52,167.8,,161305.0,,
1987-08-01,39398,9.88,3.0,2334.300048828125,277.56,167.8,,161305.0,,
1987-09-01,39398,9.88,2.8,2272.800048828125,282.68,167.8,,161305.0,,
1987-10-01,41732,9.38,3.1,2373.800048828125,272.24,167.8,,164878.0,,
1987-11-01,41732,8.88,3.3,1723.699951171875,269.72,167.8,,164878.0,,
1987-12-01,41732,8.38,3.2,1578.5,257.71,167.8,,164878.0,,
1988-01-01,43483,8.38,2.9,1789.5999755859375,258.76,167.8,,167118.0,,
1988-02-01,43483,8.88,2.9,1776.9000244140625,240.29,167.8,,167118.0,,48.6
1988-03-01,43483,8.38,3.0,1781.9000244140625,242.03,167.4,,167118.0,,48.7
1988-04-01,46109,7.88,3.4,1737.5999755859375,238.89,167.4,,169500.0,,49.3
1988-05-01,46109,7.38,3.5,1807.199951171875,247.76,167.4,,169500.0,,49.5
1988-06-01,46109,8.88,3.9,1805.699951171875,255.59,167.4,,169500.0,,49.7
1988-06-01,46109,8.88,3.9,1805.699951171875,255.59,167.4,,169500.0,,49.7
1988-06-01,46109,8.88,3.9,1805.699951171875,255.59,167.4,,169500.0,,49.7
1988-06-01,46109,8.38,3.9,1805.699951171875,255.59,167.4,,169500.0,,49.7
1988-06-01,46109,8.38,3.9,1805.699951171875,255.59,167.4,,169500.0,,49.7
1988-06-01,46109,8.38,3.9,1805.699951171875,255.59,167.4,,169500.0,,49.7
1988-06-01,46109,7.88,3.9,1805.699951171875,255.59,167.4,,169500.0,,49.7
1988-06-01,46109,7.88,3.9,1805.699951171875,255.59,167.4,,169500.0,,49.7
1988-06-01,46109,7.88,3.9,1805.699951171875,255.59,167.4,,169500.0,,49.7
1988-07-01,52238,10.38,4.2,1858.199951171875,255.36,167.4,,173440.0,,49.7
1988-07-01,52238,10.38,4.2,1858.199951171875,255.36,167.4,,173440.0,,49.7
1988-07-01,52238,9.88,4.2,1858.199951171875,255.36,167.4,,173440.0,,49.7
1988-07-01,52238,9.88,4.2,1858.199951171875,255.36,167.4,,173440.0,,49.7
1988-08-01,52238,11.88,4.4,1862.199951171875,254.01,167.4,,173440.0,,49.9
1988-08-01,52238,11.88,4.4,1862.199951171875,254.01,167.4,,173440.0,,49.9
1988-08-01,52238,10.88,4.4,1862.199951171875,254.01,167.4,,173440.0,,49.9
1988-08-01,52238,10.88,4.4,1862.199951171875,254.01,167.4,,173440.0,,49.9
1988-09-01,52238,10.88,4.6,1730.5,234.59,167.4,,173440.0,,50.1
1988-10-01,55448,10.88,4.7,1802.5999755859373,233.19,167.4,,174977.0,,50.3
1988-11-01,55448,12.88,4.6,1857.800048828125,228.37,167.4,,174977.0,,50.5
1988-12-01,55448,12.88,4.7,1778.699951171875,226.78,167.4,,174977.0,,50.6
1989-01-01,56615,12.88,4.9,1782.800048828125,225.08,167.4,,176456.0,,50.8
1989-02-01,56615,12.88,5.0,2039.699951171875,221.84,167.4,,176456.0,,51.0
1989-03-01,56615,12.88,5.0,2021.300048828125,227.01,153.7,,176456.0,,51.2
1989-04-01,58658,12.88,5.3,2079.60009765625,223.53,153.7,,177960.0,,51.9
1989-05-01,58658,13.75,5.3,2103.10009765625,230.08,153.7,,177960.0,,52.2
1989-06-01,58658,13.75,5.2,2103.39990234375,240.8,153.7,,177960.0,,52.3
1989-07-01,60701,13.75,5.2,2165.60009765625,221.0,153.7,,177788.0,,52.3
1989-08-01,60701,13.84,5.0,2292.300048828125,228.66,153.7,,177788.0,,52.4
1989-09-01,60701,13.75,5.2,2407.5,226.94,153.7,,177788.0,,52.7
1989-09-01,60701,13.75,5.2,2407.5,226.94,153.7,,177788.0,,52.7
1989-09-01,60701,13.88,5.2,2407.5,226.94,153.7,,177788.0,,52.7
1989-09-01,60701,13.88,5.2,2407.5,226.94,153.7,,177788.0,,52.7
1989-10-01,59533,14.88,5.5,2289.199951171875,237.83,153.7,,178541.0,,53.1
1989-11-01,59533,14.88,5.5,2160.10009765625,260.13,153.7,,178541.0,,53.3
1989-12-01,59533,14.88,5.5,2311.10009765625,247.19,153.7,,178541.0,,53.4
1990-01-01,58250,14.88,5.7,2434.10009765625,247.05,153.7,,180618.0,,53.6
1990-02-01,58250,14.88,5.9,2345.800048828125,241.24,153.7,,180618.0,,54.0
1990-03-01,58250,14.88,6.0,2238.39990234375,223.67,151.9,,180618.0,,54.2
1990-04-01,57726,14.88,6.4,2221.60009765625,224.31,151.9,,180979.0,,55.2
1990-05-01,57726,14.88,6.8,2117.89990234375,216.49,151.9,,180979.0,,55.7
1990-06-01,57726,14.88,6.9,2371.39990234375,201.89,151.9,,180979.0,,55.9
1990-07-01,58773,14.88,6.8,2372.0,200.16,151.9,,179811.0,,55.8
1990-08-01,58773,14.88,7.7,2339.0,204.89,151.9,,179811.0,,56.4
1990-09-01,58773,14.88,8.1,2166.60009765625,217.99,151.9,,179811.0,,57.0
1990-10-01,57901,13.88,8.1,2030.9000244140625,195.22,151.9,,179595.0,,57.4
1990-11-01,57901,13.88,7.8,2028.0,198.43,151.9,,179595.0,,57.5
1990-12-01,57901,13.88,7.6,2162.699951171875,200.1,151.9,,179595.0,,57.5
1991-01-01,57086,13.88,7.1,2128.300048828125,186.26,151.9,,179314.0,,57.4
1991-02-01,57086,12.88,7.0,2165.699951171875,189.85,151.9,,179314.0,,57.7
1991-02-01,57086,12.88,7.0,2165.699951171875,189.85,151.9,,179314.0,,57.7
1991-02-01,57086,13.38,7.0,2165.699951171875,189.85,151.9,,179314.0,,57.7
1991-02-01,57086,13.38,7.0,2165.699951171875,189.85,151.9,,179314.0,,57.7
1991-03-01,57086,12.38,6.9,2386.89990234375,204.51,151.1,,179314.0,,57.9
1991-04-01,56853,11.88,8.4,2488.300048828125,207.51,151.1,,178053.0,,59.9
1991-05-01,56853,11.38,8.2,2508.39990234375,212.12,151.1,,178053.0,,60.3
1991-06-01,56853,11.38,8.4,2515.800048828125,227.52,151.1,,178053.0,,60.6
1991-07-01,57959,10.88,8.3,2443.60009765625,215.34,151.1,,178202.0,,60.5
1991-08-01,57959,10.88,7.9,2591.699951171875,206.66,151.1,,178202.0,,60.9
1991-09-01,57959,10.38,7.1,2679.60009765625,202.45,151.1,,178202.0,,61.1
1991-10-01,57435,10.38,6.8,2645.60009765625,205.14,151.1,,178197.0,,61.3
1991-11-01,57435,10.38,7.1,2549.5,207.54,151.1,,178197.0,,61.5
1991-12-01,57435,10.38,7.2,2414.89990234375,188.75,151.1,,178197.0,,61.6
1992-01-01,56504,10.38,7.0,2492.800048828125,197.82,151.1,,177645.0,,61.4
1992-02-01,56504,10.38,6.9,2560.199951171875,200.97,151.1,,177645.0,,61.7
1992-03-01,56504,10.38,7.1,2554.300048828125,196.89,165.8,,177645.0,,62.0
1992-04-01,55166,10.38,4.7,2408.60009765625,189.55,165.8,,180068.0,,62.7
1992-05-01,55166,9.88,4.3,2659.800048828125,184.53,165.8,,180068.0,,62.9
1992-06-01,55166,9.88,3.8,2697.60009765625,180.36,165.8,,180068.0,,62.9
1992-07-01,55328,9.88,3.6,2493.89990234375,186.38,165.8,,181075.0,,62.6
1992-08-01,55328,9.88,3.0,2420.199951171875,171.54,165.8,,181075.0,,62.7
1992-09-01,55328,8.88,3.0,2298.39990234375,195.9,165.8,,181075.0,,62.9
1992-10-01,53213,7.88,2.9,2572.300048828125,217.12,165.8,,181426.0,,63.1
1992-11-01,53213,6.88,2.6,2687.800048828125,220.81,165.8,,181426.0,,63.1
1992-12-01,53213,6.88,2.6,2792.0,219.88,165.8,,181426.0,,63.2
1993-01-01,53484,5.88,2.2,2861.5,222.23,165.8,,182898.0,,62.8
1993-02-01,53484,5.88,2.4,2851.60009765625,230.22,165.8,,182898.0,,63.2
1993-03-01,53484,5.88,2.5,2882.60009765625,224.38,201.9,,182898.0,,63.6
1993-04-01,53918,5.88,2.5,2878.39990234375,225.81,210.1,,183300.0,,64.3
1993-05-01,53918,5.88,2.5,2812.60009765625,241.8,214.7,,183300.0,,64.5
1993-06-01,53918,5.88,2.4,2849.199951171875,253.4,216.1,,183300.0,,64.5
1993-07-01,55057,5.88,2.6,2888.800048828125,270.54,220.4,,186406.0,,64.2
1993-08-01,55057,5.88,2.9,2941.699951171875,249.78,224.9,,186406.0,,64.5
1993-09-01,55057,5.88,3.1,3085.10009765625,237.71,229.8,,186406.0,,64.8
1993-10-01,54026,5.88,2.6,3037.5,248.64,230.1,,187862.0,,64.7
1993-11-01,54026,5.38,2.3,3164.39990234375,249.85,231.1,,187862.0,,64.6
1993-12-01,54026,5.38,2.4,3233.199951171875,264.79,234.9,,187862.0,,64.7
1994-01-01,54623,5.38,2.7,3408.5,252.13,234.7,,189820.0,,64.5
1994-02-01,54623,5.13,2.5,3481.5,256.75,238.5,,189820.0,,64.8
1994-03-01,54623,5.13,2.2,3270.60009765625,262.17,249.8,,189820.0,,65.0
1994-04-01,55383,5.13,2.0,3116.199951171875,248.27,254.3,,190126.0,,65.5
1994-05-01,55383,5.13,2.0,3100.0,256.39,259.1,,190126.0,,65.8
1994-06-01,55383,5.13,2.0,2931.89990234375,251.55,262.9,,190126.0,,65.8
1994-07-01,56305,5.13,1.7,2936.39990234375,249.91,265.0,,191745.0,,65.4
1994-08-01,56305,5.13,1.9,3097.39990234375,251.06,268.7,,191745.0,,65.7
1994-09-01,56305,5.63,1.5,3216.5,250.38,273.5,,191745.0,,65.8
1994-10-01,55925,5.63,1.5,2983.5,235.41,274.4,,193174.0,,65.7
1994-11-01,55925,5.63,1.8,3096.300048828125,244.77,277.3,,193174.0,,65.7
1994-12-01,55925,6.13,2.0,3039.60009765625,244.97,278.4,,193174.0,,66.0
1995-01-01,55437,6.13,2.4,3065.699951171875,236.16,275.3,,193065.0,,66.0
1995-02-01,55437,6.63,2.4,3017.300048828125,238.19,280.7,,193065.0,,66.3
1995-03-01,55437,6.63,2.6,3041.199951171875,240.67,290.0,,193065.0,,66.7
1995-04-01,56033,6.63,2.3,3143.10009765625,242.19,293.9,,194528.0,,67.0
1995-05-01,56033,6.63,2.5,3220.39990234375,241.92,297.7,,194528.0,,67.4
1995-06-01,56033,6.63,2.6,3340.60009765625,243.29,301.4,,194528.0,,67.4
1995-07-01,56522,6.63,2.7,3323.699951171875,239.58,302.6,,195239.0,,67.1
1995-08-01,56522,6.63,2.6,3449.89990234375,246.83,306.4,,195239.0,,67.4
1995-09-01,56522,6.63,3.0,3509.39990234375,242.62,310.7,,195239.0,,67.7
1995-10-01,55762,6.63,2.9,3520.199951171875,242.51,310.5,,197752.0,,67.6
1995-11-01,55762,6.63,2.8,3518.699951171875,253.55,313.6,,197752.0,,67.6
1995-12-01,55762,6.38,3.0,3680.39990234375,249.27,313.6,,197752.0,,68.0
1996-01-01,56576,6.13,2.6,3687.89990234375,268.4,308.7,,199735.0,,67.8
1996-02-01,56576,6.13,2.7,3752.800048828125,261.71,311.7,,199735.0,,68.1
1996-03-01,56576,5.94,2.6,3752.699951171875,259.65,322.1,,199735.0,,68.4
1996-04-01,56630,5.94,2.5,3718.39990234375,260.77,324.9,,201336.0,,68.7
1996-05-01,56630,5.94,2.3,3806.0,252.07,329.3,,201336.0,,68.9
1996-06-01,56630,5.69,2.3,3739.199951171875,245.86,333.0,,201336.0,,69.0
1996-07-01,58854,5.69,2.2,3725.60009765625,247.45,331.0,,202899.0,,68.6
1996-08-01,58854,5.69,2.3,3734.39990234375,247.25,335.9,,202899.0,,68.9
1996-09-01,58854,5.69,2.3,3884.39990234375,242.42,339.3,,202899.0,,69.3
1996-10-01,59885,5.94,2.5,3992.199951171875,233.05,335.6,,205440.0,,69.3
1996-11-01,59885,5.94,2.6,3948.5,220.97,339.1,,205440.0,,69.3
1996-12-01,59885,5.94,2.3,4038.5,215.77,341.9,,205440.0,,69.5
1997-01-01,60698,5.94,2.1,4057.39990234375,215.6,335.1,,208783.0,15.0,69.2
1997-02-01,60698,5.94,1.9,4257.7998046875,219.8,338.5,,208783.0,15.0,69.4
1997-03-01,60698,5.94,1.7,4307.10009765625,212.03,347.0,,208783.0,15.0,69.5
1997-04-01,61946,5.94,1.6,4248.10009765625,209.63,353.2,,210673.0,13.1,69.8
1997-05-01,61946,6.25,1.6,4445.0,211.25,357.8,,210673.0,13.1,70.0
1997-06-01,61946,6.5,1.7,4562.7998046875,201.02,364.4,,210673.0,13.1,70.2
1997-07-01,65092,6.75,2.0,4728.2998046875,199.3,361.0,,213437.0,14.1,69.9
1997-08-01,65092,7.0,2.0,4899.2998046875,200.61,363.3,,213437.0,14.1,70.3
1997-09-01,65092,7.0,1.8,4870.2001953125,205.58,365.4,,213437.0,14.1,70.6
1997-10-01,64604,7.0,1.9,5317.10009765625,185.7,359.9,,215655.0,12.8,70.6
1997-11-01,64604,7.25,1.9,4906.39990234375,176.16,364.3,,215655.0,12.8,70.6
1997-12-01,64604,7.25,1.7,4921.7998046875,176.38,365.0,,215655.0,12.8,70.7
1998-01-01,66231,7.25,1.5,5193.5,186.45,354.8,,217866.0,14.6,70.3
1998-02-01,66231,7.25,1.6,5599.0,180.63,353.6,,217866.0,14.6,70.5
1998-03-01,66231,7.25,1.7,5820.60009765625,179.75,360.4,,217866.0,14.6,70.7
1998-04-01,69757,7.25,1.8,6017.60009765625,185.83,357.5,,219509.0,14.1,71.1
1998-05-01,69757,7.25,2.0,6010.2998046875,180.05,360.9,,219509.0,14.1,71.4
1998-06-01,69757,7.5,1.7,5837.89990234375,177.58,367.3,,219509.0,14.1,71.3
1998-07-01,72795,7.5,1.4,5919.89990234375,176.56,363.2,,223278.0,12.7,71.0
1998-08-01,72795,7.5,1.3,5809.7001953125,163.27,364.7,,223278.0,12.7,71.2
1998-09-01,72795,7.5,1.4,5169.10009765625,172.91,366.1,,223278.0,12.7,71.5
1998-10-01,72469,7.25,1.4,4908.2001953125,174.54,359.2,,223130.0,13.6,71.5
1998-11-01,72469,6.75,1.4,5525.5,178.54,361.8,,223130.0,13.6,71.6
1998-12-01,72469,6.25,1.6,5537.5,172.98,364.3,,223130.0,13.6,71.8
1999-01-01,72903,6.0,1.6,5879.39990234375,173.73,353.2,,225755.0,12.4,71.4
1999-02-01,72903,5.5,1.4,6012.39990234375,179.18,354.9,,225755.0,12.4,71.5
1999-03-01,72903,5.5,1.7,6060.89990234375,173.11,363.1,,225755.0,12.4,71.9
1999-04-01,75995,5.25,1.5,6330.0,178.01,360.2,,230078.0,11.3,72.2
1999-05-01,75995,5.25,1.3,6533.10009765625,167.53,362.1,,230078.0,11.3,72.4
1999-06-01,75995,5.0,1.3,6250.0,165.58,367.4,,230078.0,11.3,72.3
1999-07-01,80443,5.0,1.3,6488.89990234375,157.78,361.2,,232417.0,11.0,71.9
1999-08-01,80443,5.0,1.2,6288.2998046875,158.46,360.7,,232417.0,11.0,72.1
1999-09-01,80443,5.25,1.2,6276.2001953125,181.56,361.8,,232417.0,11.0,72.4
1999-10-01,82504,5.25,1.1,5970.7001953125,182.28,353.1,,234208.0,11.7,72.3
1999-11-01,82504,5.5,1.2,6284.0,182.93,353.6,,234208.0,11.7,72.4
1999-12-01,82504,5.5,1.1,6646.0,180.09,368.3,,234208.0,11.7,72.6
2000-01-01,84620,5.75,0.8,6665.89990234375,174.78,349.3,,237565.0,12.0,71.9
2000-02-01,84620,6.0,0.9,6290.89990234375,186.01,346.5,,237565.0,12.0,72.2
2000-03-01,84620,6.0,0.6,6364.89990234375,173.48,353.3,,237565.0,12.0,72.3
2000-04-01,89230,6.0,0.6,6462.10009765625,175.78,346.7,,240039.0,10.9,72.6
2000-05-01,89230,6.0,0.5,6373.39990234375,182.14,334.6,,240039.0,10.9,72.8
2000-06-01,89230,6.0,0.8,6470.5,190.34,341.8,,240039.0,10.9,72.9
2000-07-01,90912,6.0,0.9,6470.39990234375,184.79,334.0,,242727.0,11.4,72.5
2000-08-01,90912,6.0,0.6,6379.39990234375,190.38,334.4,,242727.0,11.4,72.5
2000-09-01,90912,6.0,1.0,6795.0,185.09,326.6,,242727.0,11.4,73.1
2000-10-01,93624,6.0,1.0,6284.5,182.16,320.2,,245076.0,10.6,73.1
2000-11-01,93624,6.0,1.1,6457.60009765625,189.83,322.6,,245076.0,10.6,73.2
2000-12-01,93624,6.0,0.8,6170.39990234375,183.73,333.3,,245076.0,10.6,73.2
2001-01-01,93136,6.0,0.9,6174.7001953125,181.03,316.9,,245915.0,9.6,72.6
2001-02-01,93136,5.75,0.8,6251.7998046875,184.92,314.9,,245915.0,9.6,72.7
2001-03-01,93136,5.75,0.9,5908.60009765625,181.27,322.0,6.1,245915.0,9.6,73.0
2001-04-01,96499,5.5,1.2,5618.5,183.92,318.4,6.2,247757.0,10.4,73.4
2001-05-01,96499,5.25,1.7,5928.0,188.3,322.2,5.1,247757.0,10.4,74.0
2001-06-01,96499,5.25,1.7,5809.60009765625,192.41,330.3,5.5,247757.0,10.4,74.1
2001-07-01,99971,5.25,1.4,5716.7001953125,186.58,322.5,5.2,251391.0,9.9,73.6
2001-08-01,99971,5.0,1.8,5546.89990234375,188.22,322.6,5.3,251391.0,9.9,73.9
2001-09-01,99971,4.75,1.3,5312.10009765625,199.43,324.6,4.8,251391.0,9.9,74.1
2001-10-01,97964,4.5,1.2,4785.60009765625,191.67,319.6,4.8,253365.0,10.5,73.9
2001-11-01,97964,4.0,0.8,5071.2001953125,193.19,325.3,4.6,253365.0,10.5,73.8
2001-12-01,97964,4.0,1.1,5164.60009765625,189.98,335.5,4.2,253365.0,10.5,74.0
2002-01-01,97623,4.0,1.6,5218.2998046875,199.75,324.8,3.8,254416.0,10.5,73.7
2002-02-01,101164,4.0,1.5,5189.7001953125,209.88,322.8,3.2,254416.0,10.5,73.8
2002-03-01,104705,4.0,1.5,5169.0,211.66,330.6,3.0,254416.0,10.5,74.1
2002-04-01,106121,4.0,1.4,5251.39990234375,211.49,329.2,3.0,255272.0,10.3,74.4
2002-05-01,108852,4.0,0.8,5125.5,223.22,331.9,3.3,255272.0,10.3,74.6
2002-06-01,113304,4.0,0.6,4989.2001953125,208.96,339.1,3.7,255272.0,10.3,74.6
2002-07-01,114214,4.0,1.1,4685.7998046875,195.02,334.0,3.8,257730.0,10.7,74.4
2002-08-01,116743,4.0,1.0,4044.5,202.21,337.5,3.6,257730.0,10.7,74.6
2002-09-01,119576,4.0,1.0,4180.89990234375,205.84,343.6,3.4,257730.0,10.7,74.8
2002-10-01,120486,4.0,1.4,3797.39990234375,202.56,344.1,3.1,259797.0,11.2,74.9
2002-11-01,121700,4.0,1.5,3997.0,205.04,353.8,3.0,259797.0,11.2,74.9
2002-12-01,125747,4.0,1.7,4154.2998046875,215.67,368.7,2.8,259797.0,11.2,75.2
2003-01-01,124836,4.0,1.3,4009.5,223.58,356.7,2.5,262143.0,11.6,74.7
2003-02-01,123521,3.75,1.6,3689.39990234375,220.59,356.7,2.2,262143.0,11.6,75.0
2003-03-01,126152,3.75,1.5,3684.699951171875,211.84,369.2,2.8,262143.0,11.6,75.3
2003-04-01,129186,3.75,1.4,3684.800048828125,210.7,367.4,3.0,265278.0,11.3,75.5
2003-05-01,128276,3.75,1.3,3880.10009765625,220.59,369.6,3.3,265278.0,11.3,75.5
2003-06-01,128579,3.75,1.1,4129.2998046875,209.68,375.5,2.7,265278.0,11.3,75.4
2003-07-01,130805,3.5,1.3,3963.89990234375,220.69,371.4,2.7,266986.0,11.6,75.3
2003-08-01,133132,3.5,1.4,4098.39990234375,237.46,374.7,2.9,266986.0,11.6,75.6
2003-09-01,132727,3.5,1.4,4204.39990234375,233.54,383.4,3.3,266986.0,11.6,75.9
2003-10-01,135054,3.5,1.4,4169.2001953125,227.61,383.1,3.7,268323.0,11.0,76.0
2003-11-01,133536,3.75,1.3,4332.60009765625,231.62,390.8,3.9,268323.0,11.0,75.9
2003-12-01,136167,3.75,1.3,4410.0,232.52,404.6,4.1,268323.0,11.0,76.2
2004-01-01,136976,3.75,1.4,4510.2001953125,219.61,390.3,5.1,270200.0,10.3,75.8
2004-02-01,135661,4.0,1.3,4381.39990234375,213.3,390.5,4.9,270200.0,10.3,76.0
2004-03-01,135964,4.0,1.1,4537.0,230.54,404.5,4.7,270200.0,10.3,76.1
2004-04-01,142135,4.0,1.1,4410.7001953125,219.08,413.2,3.7,272716.0,11.9,76.4
2004-05-01,143855,4.25,1.5,4547.2001953125,214.49,418.4,4.1,272716.0,11.9,76.6
2004-06-01,146384,4.5,1.6,4422.7001953125,218.25,430.2,4.2,272716.0,11.9,76.6
2004-07-01,149520,4.5,1.4,4424.7001953125,215.24,424.2,4.1,274100.0,11.2,76.4
2004-08-01,151240,4.75,1.3,4415.7001953125,226.38,427.5,4.1,274100.0,11.2,76.6
2004-09-01,150937,4.75,1.1,4502.10009765625,229.7,438.0,4.1,274100.0,11.2,76.7
2004-10-01,152050,4.75,1.2,4659.7001953125,232.25,436.2,4.2,276339.0,10.8,76.9
2004-11-01,151847,4.75,1.5,4673.7998046875,237.2,448.1,4.2,276339.0,10.8,77.0
2004-12-01,150734,4.75,1.7,4735.7001953125,226.89,463.8,4.3,276339.0,10.8,77.4
2005-01-01,150633,4.75,1.6,4847.0,223.82,447.1,4.2,279204.0,11.2,77.0
2005-02-01,150488,4.75,1.7,4906.2001953125,226.13,446.9,4.6,279204.0,11.2,77.2
2005-03-01,151723,4.75,1.9,5000.5,226.24,460.9,4.5,279204.0,11.2,77.5
2005-04-01,153880,4.75,1.9,4914.0,228.13,458.0,4.6,279049.0,11.7,77.8
2005-05-01,155533,4.75,1.9,4861.2998046875,227.4,462.0,4.3,279049.0,11.7,78.1
2005-06-01,156767,4.75,2.0,5011.0,243.86,473.3,4.5,279049.0,11.7,78.1
2005-07-01,158786,4.75,2.3,5161.0,243.67,466.5,4.6,282210.0,11.1,78.2
2005-08-01,159431,4.5,2.4,5290.89990234375,240.89,472.2,4.8,282210.0,11.1,78.4
2005-09-01,159183,4.5,2.5,5328.5,267.51,483.3,5.0,282210.0,11.1,78.6
2005-10-01,158865,4.5,2.3,5501.60009765625,265.92,479.1,4.8,283490.0,11.8,78.7
2005-11-01,159337,4.5,2.1,5344.2998046875,286.44,487.7,4.7,283490.0,11.8,78.7
2005-12-01,160209,4.5,1.9,5486.10009765625,298.82,503.5,4.5,283490.0,11.8,78.9
2006-01-01,159970,4.5,1.9,5681.5,320.0,481.9,4.2,282042.0,11.0,78.5
2006-02-01,160231,4.5,2.0,5801.60009765625,317.49,485.2,4.4,282042.0,11.0,78.8
2006-03-01,161531,4.5,1.8,5844.10009765625,335.53,499.4,4.9,282042.0,11.0,78.9
2006-04-01,165042,4.5,2.0,6024.2998046875,354.3,497.8,5.3,282312.0,11.6,79.4
2006-05-01,166606,4.5,2.2,6082.10009765625,348.96,506.7,5.0,282312.0,11.6,79.9
2006-06-01,168184,4.5,2.5,5749.7001953125,331.7,520.0,4.9,282312.0,11.6,80.1
2006-07-01,170604,4.5,2.4,5884.39990234375,338.77,508.1,5.0,284064.0,11.1,80.0
2006-08-01,172037,4.75,2.5,5880.7998046875,327.79,512.3,4.7,284064.0,11.1,80.4
2006-09-01,172738,4.75,2.4,5949.2001953125,320.81,524.6,4.1,284064.0,11.1,80.5
2006-10-01,173750,4.75,2.4,5957.7998046875,316.56,517.9,4.0,284538.0,9.7,80.6
2006-11-01,174644,5.0,2.7,6149.60009765625,328.77,525.2,4.2,284538.0,9.7,80.8
2006-12-01,176819,5.0,3.0,6021.5,322.92,539.0,4.9,284538.0,9.7,81.3
2007-01-01,176758,5.25,2.7,6310.89990234375,332.33,518.2,5.4,287582.0,9.4,80.6
2007-02-01,177261,5.25,2.8,6282.2001953125,338.92,517.9,6.2,287582.0,9.4,81.0
2007-03-01,178636,5.25,3.1,6116.0,337.4,535.2,5.8,287582.0,9.4,81.4
2007-04-01,182243,5.25,2.8,6315.5,338.53,532.2,5.3,290739.0,10.4,81.6
2007-05-01,184330,5.5,2.5,6419.60009765625,333.2,539.8,4.5,290739.0,10.4,81.8
2007-06-01,186348,5.5,2.4,6676.7001953125,324.22,551.2,4.4,290739.0,10.4,82.0
2007-07-01,188691,5.75,1.9,6590.60009765625,327.5,539.0,4.6,296387.0,10.2,81.5
2007-08-01,189786,5.75,1.8,6250.60009765625,333.16,543.8,4.8,296387.0,10.2,81.8
2007-09-01,190032,5.75,1.8,6315.2001953125,364.69,553.0,5.2,296387.0,10.2,81.9
2007-10-01,189589,5.75,2.1,6506.2998046875,380.05,548.7,5.0,296111.0,11.0,82.3
2007-11-01,189489,5.75,2.1,6586.10009765625,381.05,558.8,4.9,296111.0,11.0,82.5
2007-12-01,189193,5.5,2.1,6386.60009765625,418.84,574.7,4.1,296111.0,11.0,83.0
2008-01-01,185782,5.5,2.2,6416.7001953125,464.41,552.2,3.8,297718.0,11.3,82.4
2008-02-01,184185,5.25,2.5,6029.2001953125,488.39,557.8,3.6,297718.0,11.3,83.0
2008-03-01,182845,5.25,2.5,5818.60009765625,469.69,567.2,4.1,297718.0,11.3,83.4
2008-04-01,183148,5.0,3.0,5852.60009765625,439.78,569.8,4.6,293816.0,11.0,84.0
2008-05-01,184267,5.0,3.3,6087.2998046875,448.21,581.3,4.7,293816.0,11.0,84.6
2008-06-01,181831,5.0,3.8,6007.60009765625,467.43,600.1,4.2,293816.0,11.0,85.2
2008-07-01,179845,5.0,4.4,5479.89990234375,463.43,602.7,3.7,288567.0,11.4,85.1
2008-08-01,176092,5.0,4.7,5354.7001953125,456.7,628.3,3.3,288567.0,11.4,85.7
2008-09-01,171660,5.0,5.2,5602.7998046875,496.23,681.2,3.1,288567.0,11.4,86.1
2008-10-01,168177,4.5,4.5,4959.60009765625,452.27,689.6,3.1,281229.0,9.9,85.9
2008-11-01,163447,3.0,4.1,4443.2998046875,530.81,701.6,2.8,281229.0,9.9,85.8
2008-12-01,160954,2.0,3.1,4065.5,604.94,749.9,2.8,281229.0,9.9,85.5
2009-01-01,157234,1.5,3.0,4561.7998046875,637.79,749.7,1.0,280072.0,9.1,84.9
2009-02-01,155417,1.0,3.2,4077.800048828125,667.91,758.8,-1.8,280072.0,9.1,85.6
2009-03-01,154452,0.5,2.9,3625.800048828125,639.41,787.2,-2.9,280072.0,9.1,85.8
2009-04-01,155852,0.5,2.3,3955.60009765625,596.07,802.5,-1.8,279347.0,8.3,86.0
2009-05-01,158004,0.5,2.2,4243.2001953125,604.94,823.9,0.5,279347.0,8.3,86.4
2009-06-01,159561,0.5,1.8,4506.2001953125,567.45,849.7,1.1,279347.0,8.3,86.7
2009-07-01,162423,0.5,1.8,4340.7001953125,566.4,854.7,0.8,280520.0,9.1,86.7
2009-08-01,164025,0.5,1.6,4682.5,586.27,858.0,0.8,280520.0,9.1,87.0
2009-09-01,165314,0.5,1.1,4819.7001953125,622.6,877.5,0.7,280520.0,9.1,87.1
2009-10-01,166425,0.5,1.5,5047.7998046875,630.93,885.7,0.6,282802.0,8.2,87.2
2009-11-01,166986,0.5,1.9,5104.5,716.44,901.2,0.7,282802.0,8.2,87.5
2009-12-01,168082,0.5,2.9,5312.2001953125,673.44,958.6,0.7,282802.0,8.2,88.0
2010-01-01,167469,0.5,3.5,5500.2998046875,673.05,994.9,2.0,281251.0,9.5,87.8
2010-02-01,167888,0.5,3.0,5247.39990234375,727.96,1001.3,4.6,281251.0,9.5,88.2
2010-03-01,167878,0.5,3.4,5405.89990234375,735.38,1027.9,4.9,281251.0,9.5,88.7
2010-04-01,170028,0.5,3.7,5744.89990234375,770.42,1033.7,3.7,288043.0,9.7,89.2
2010-05-01,170846,0.5,3.4,5411.10009765625,831.07,1046.6,1.2,288043.0,9.7,89.4
2010-06-01,171689,0.5,3.2,5163.2998046875,831.5,1068.1,1.0,288043.0,9.7,89.5
2010-07-01,173427,0.5,3.1,4805.7998046875,746.44,1072.7,1.2,288156.0,10.0,89.3
2010-08-01,173417,0.5,3.1,5397.10009765625,810.72,1082.2,1.3,288156.0,10.0,89.8
2010-09-01,172972,0.5,3.1,5366.39990234375,829.42,1106.9,1.5,288156.0,10.0,89.8
2010-10-01,171045,0.5,3.2,5592.89990234375,842.35,1109.5,1.7,288053.0,10.5,90.0
2010-11-01,169013,0.5,3.3,5694.60009765625,888.37,1126.9,1.8,288053.0,10.5,90.3
2010-12-01,168703,0.5,3.7,5642.5,897.71,1152.5,1.9,288053.0,10.5,91.2
2011-01-01,167300,0.5,4.0,6013.89990234375,828.47,1138.7,2.7,285435.0,10.6,91.3
2011-02-01,166415,0.5,4.4,5957.7998046875,867.51,1145.7,2.6,285435.0,10.6,92.0
2011-03-01,165649,0.5,4.0,5935.7998046875,897.72,1168.7,2.8,285435.0,10.6,92.2
2011-04-01,168218,0.5,4.5,6009.89990234375,920.59,1173.8,2.1,284431.0,9.9,93.2
2011-05-01,167470,0.5,4.5,6082.89990234375,933.5,1183.3,2.4,284431.0,9.9,93.4
2011-06-01,167753,0.5,4.2,5928.60009765625,937.74,1202.9,2.5,284431.0,9.9,93.3
2011-07-01,169866,0.5,4.4,5989.7998046875,992.08,1195.5,2.8,285275.0,10.2,93.3
2011-08-01,169968,0.5,4.5,5774.39990234375,1113.77,1211.4,2.7,285275.0,10.2,93.8
2011-09-01,169544,0.5,5.2,5418.7001953125,1039.93,1219.1,2.2,285275.0,10.2,94.4
2011-10-01,167673,0.5,5.0,5075.5,1066.85,1218.9,1.9,286167.0,11.3,94.5
2011-11-01,167757,0.5,4.8,5421.60009765625,1110.12,1228.9,1.9,286167.0,11.3,94.6
2011-12-01,167048,0.5,4.2,5489.2998046875,985.14,1250.6,1.9,286167.0,11.3,95.1
2012-01-01,165908,0.5,3.6,5699.89990234375,1105.16,1235.3,1.2,285849.0,10.3,94.6
2012-02-01,165457,0.5,3.4,5790.7001953125,1108.02,1243.9,0.8,285849.0,10.3,95.1
2012-03-01,165947,0.5,3.5,5931.2998046875,1040.53,1261.2,0.6,285849.0,10.3,95.4
2012-04-01,167854,0.5,3.0,5874.89990234375,1016.87,1260.8,1.3,288126.0,10.7,96.0
2012-05-01,168395,0.5,2.8,5812.2001953125,1012.25,1271.0,1.5,288126.0,10.7,95.9
2012-06-01,170049,0.5,2.4,5260.2001953125,1019.16,1290.1,1.6,288126.0,10.7,95.5
2012-07-01,170701,0.5,2.6,5640.60009765625,1035.23,1290.1,1.5,291399.0,11.2,95.6
2012-08-01,170902,0.5,2.5,5712.7998046875,1037.87,1291.7,1.7,291399.0,11.2,96.1
2012-09-01,170295,0.5,2.2,5758.39990234375,1099.83,1308.9,1.8,291399.0,11.2,96.5
2012-10-01,169090,0.5,2.7,5820.5,1067.01,1318.6,1.7,295844.0,11.5,97.0
2012-11-01,169227,0.5,2.7,5861.89990234375,1076.97,1332.5,1.5,295844.0,11.5,97.2
2012-12-01,168843,0.5,2.7,5871.2001953125,1019.69,1354.3,1.2,295844.0,11.5,97.6
2013-01-01,167716,0.5,2.7,6027.39990234375,1050.02,1335.4,1.1,294306.0,11.3,97.1
2013-02-01,167682,0.5,2.8,6347.2001953125,1046.48,1340.2,1.0,294306.0,11.3,97.8
2013-03-01,168681,0.5,2.8,6378.60009765625,1052.55,1366.2,0.5,294306.0,11.3,98.1
2013-04-01,170335,0.5,2.4,6490.7001953125,943.85,1369.0,1.4,297426.0,10.5,98.3
2013-05-01,171234,0.5,2.7,6451.2998046875,919.79,1384.0,1.7,297426.0,10.5,98.5
2013-06-01,172655,0.5,2.9,6525.10009765625,785.92,1397.7,2.2,297426.0,10.5,98.3
2013-07-01,174592,0.5,2.8,6307.7998046875,867.06,1393.8,1.2,301101.0,11.2,98.3
2013-08-01,175982,0.5,2.7,6682.0,901.64,1399.9,0.8,301101.0,11.2,98.7
2013-09-01,176098,0.5,2.7,6506.2001953125,819.13,1415.4,0.7,301101.0,11.2,99.1
2013-10-01,175378,0.5,2.2,6460.0,824.1,1416.1,0.8,302250.0,11.3,99.1
2013-11-01,176352,0.5,2.1,6734.7001953125,764.93,1431.4,0.8,302250.0,11.3,99.2
2013-12-01,177971,0.5,2.0,6595.2998046875,727.25,1452.6,1.0,302250.0,11.3,99.6
2014-01-01,178182,0.5,1.9,6717.89990234375,761.2,1440.3,1.2,303961.0,11.3,99.0
2014-02-01,178921,0.5,1.7,6465.7001953125,791.54,1446.4,1.7,303961.0,11.3,99.5
2014-03-01,179537,0.5,1.6,6708.39990234375,774.83,1461.1,1.7,303961.0,11.3,99.7
2014-04-01,183532,0.5,1.8,6652.60009765625,763.08,1466.5,0.6,306730.0,11.3,100.1
2014-05-01,185476,0.5,1.5,6808.89990234375,745.52,1480.6,0.0,306730.0,11.3,100.0
2014-06-01,187077,0.5,1.9,6864.10009765625,769.07,1497.9,-0.2,306730.0,11.3,100.2
2014-07-01,189709,0.5,1.6,6802.89990234375,761.27,1493.2,0.5,310884.0,12.9,99.9
2014-08-01,191932,0.5,1.5,6679.2001953125,774.2,1496.7,0.6,310884.0,12.9,100.2
2014-09-01,192138,0.5,1.2,6825.2998046875,750.39,1513.9,0.9,310884.0,12.9,100.3
2014-10-01,191855,0.5,1.3,6557.5,727.72,1519.1,1.4,311922.0,12.2,100.4
2014-11-01,191209,0.5,1.0,6488.0,755.24,1527.9,1.7,311922.0,12.2,100.1
2014-12-01,191669,0.5,0.5,6656.39990234375,773.45,1550.8,2.0,311922.0,12.2,100.1
2015-01-01,190665,0.5,0.3,6547.7998046875,839.1,1528.6,1.8,314985.0,12.3,99.3
2015-02-01,190827,0.5,0.0,6782.60009765625,785.56,1534.6,1.7,314985.0,12.3,99.5
2015-03-01,191537,0.5,0.0,6940.60009765625,799.6,1552.9,2.3,314985.0,12.3,99.7
2015-04-01,193225,0.5,-0.1,6809.5,768.02,1554.5,2.7,316696.0,12.1,99.9
2015-05-01,195313,0.5,0.1,6986.0,780.76,1569.9,3.1,316696.0,12.1,100.1
2015-06-01,196802,0.5,0.0,6953.60009765625,744.58,1584.6,2.5,316696.0,12.1,100.2
2015-07-01,200142,0.5,0.1,6608.60009765625,703.88,1579.8,2.8,320984.0,11.5,100.0
2015-08-01,201973,0.5,0.0,6688.60009765625,737.97,1578.2,3.0,320984.0,11.5,100.3
2015-09-01,202389,0.5,-0.1,6058.5,735.44,1589.3,2.9,320984.0,11.5,100.2
2015-10-01,202664,0.5,-0.1,6072.5,739.67,1592.5,2.4,319709.0,11.0,100.3
2015-11-01,204223,0.5,0.1,6361.7998046875,705.44,1597.1,2.0,319709.0,11.0,100.3
2015-12-01,204920,0.5,0.2,6395.7001953125,719.18,1605.1,1.9,319709.0,11.0,100.3
2016-01-01,205464,0.5,0.3,6093.39990234375,783.79,1584.8,2.2,326708.0,11.2,99.5
2016-02-01,205555,0.5,0.3,6060.10009765625,886.12,1580.8,2.0,326708.0,11.2,99.8
2016-03-01,207667,0.5,0.5,6152.89990234375,860.64,1599.7,2.1,326708.0,11.2,100.2
2016-04-01,208443,0.5,0.3,6146.10009765625,877.64,1607.9,2.2,329914.0,10.7,100.2
2016-05-01,210872,0.5,0.3,6185.60009765625,832.77,1616.8,2.4,329914.0,10.7,100.4
2016-06-01,212887,0.5,0.5,6191.89990234375,987.99,1627.6,2.6,329914.0,10.7,100.6
2016-07-01,215127,0.5,0.6,6577.7998046875,1010.77,1620.5,2.5,332474.0,10.3,100.6
2016-08-01,215145,0.25,0.6,6694.0,999.66,1628.5,2.4,332474.0,10.3,100.9
2016-09-01,214816,0.25,1.0,6746.0,1018.09,1632.9,2.4,332474.0,10.3,101.1
2016-10-01,214107,0.25,0.9,6983.5,1041.85,1643.8,2.5,332130.0,11.1,101.2
2016-11-01,215113,0.25,1.2,6917.10009765625,942.93,1661.6,2.7,332130.0,11.1,101.4
2016-12-01,215500,0.25,1.6,6752.89990234375,927.37,1688.1,2.5,332130.0,11.1,101.9
2017-01-01,215243,0.25,1.8,7177.89990234375,963.99,1658.7,2.1,334933.0,11.0,101.4
2017-02-01,215697,0.25,2.3,7107.7001953125,1009.0,1682.1,2.1,334933.0,11.0,102.1
2017-03-01,215236,0.25,2.3,7382.89990234375,995.52,1718.0,2.3,334933.0,11.0,102.5
2017-04-01,218642,0.25,2.7,7282.7001953125,978.9,1718.9,2.2,334963.0,10.2,102.9
2017-05-01,219954,0.25,2.9,7250.10009765625,980.83,1734.0,1.9,334963.0,10.2,103.3
2017-06-01,221833,0.25,2.6,7543.7998046875,956.35,1755.3,2.2,334963.0,10.2,103.3
2017-07-01,224719,0.25,2.6,7377.10009765625,961.47,1753.6,2.2,337224.0,10.4,103.2
2017-08-01,225738,0.25,2.9,7423.7001953125,1018.01,1752.9,2.4,337224.0,10.4,103.8
2017-09-01,224895,0.25,3.0,7438.5,956.36,1773.7,2.3,337224.0,10.4,104.1
2017-10-01,225092,0.25,3.0,7438.7998046875,956.47,1759.3,2.6,338888.0,10.7,104.2
2017-11-01,224453,0.5,3.1,7488.0,945.74,1747.5,2.5,338888.0,10.7,104.6
2017-12-01,225330,0.5,3.0,7300.5,954.35,1743.7,2.6,338888.0,10.7,104.9
2018-01-01,224544,0.5,3.0,7648.10009765625,945.85,1729.5,2.7,341374.0,10.3,104.4
2018-02-01,225131,0.5,2.7,7490.39990234375,956.45,1750.9,2.8,341374.0,10.3,104.9
2018-03-01,223772,0.5,2.5,7175.60009765625,943.72,1757.3,2.6,341374.0,10.3,105.0
2018-04-01,225910,0.5,2.4,7030.5,953.43,1767.9,2.6,341220.0,10.3,105.4
2018-05-01,226834,0.5,2.4,7520.39990234375,980.99,1768.8,2.5,341220.0,10.3,105.8
2018-06-01,228355,0.5,2.4,7701.7998046875,947.13,1774.8,2.4,341220.0,10.3,105.8
2018-07-01,231187,0.5,2.5,7547.89990234375,930.78,1758.4,2.7,343847.0,10.1,105.8
2018-08-01,231898,0.75,2.7,7652.89990234375,925.14,1767.2,2.9,343847.0,10.1,106.5
2018-09-01,231454,0.75,2.4,7504.60009765625,910.43,1774.4,3.1,343847.0,10.1,106.6
2018-10-01,231211,0.75,2.4,7495.7001953125,950.85,1778.7,3.4,347610.0,9.5,106.7
2018-11-01,230224,0.75,2.3,7114.7001953125,954.27,1784.1,3.4,347610.0,9.5,107.0
2018-12-01,229729,0.75,2.1,7062.39990234375,1004.24,1795.6,3.5,347610.0,9.5,107.1
2019-01-01,228314,0.75,1.8,6734.2001953125,1005.93,1769.8,3.4,346305.0,10.2,106.3
2019-02-01,227738,0.75,1.9,7020.2001953125,991.77,1773.7,3.5,346305.0,10.2,106.8
2019-03-01,227104,0.75,1.9,7106.7001953125,994.13,1776.9,3.2,346305.0,10.2,107.0
2019-04-01,228749,0.75,2.1,7317.39990234375,983.62,1788.2,3.2,348077.0,9.4,107.6
2019-05-01,229061,0.75,2.0,7385.2998046875,1027.89,1799.2,3.4,348077.0,9.4,107.9
2019-06-01,230049,0.75,2.0,7184.7998046875,1107.1,1809.9,3.9,348077.0,9.4,107.9
2019-07-01,232618,0.75,2.1,7497.5,1165.87,1796.1,4.0,347094.0,10.3,107.9
2019-08-01,233366,0.75,1.7,7584.89990234375,1255.0,1791.5,3.8,347094.0,10.3,108.4
2019-09-01,233536,0.75,1.7,7281.89990234375,1205.31,1803.8,3.8,347094.0,10.3,108.5
2019-10-01,232919,0.75,1.5,7360.2998046875,1167.66,1820.8,3.3,346188.0,10.4,108.3
2019-11-01,232096,0.75,1.5,7302.39990234375,1128.84,1826.6,3.2,346188.0,10.4,108.5
2019-12-01,231792,0.75,1.3,7285.89990234375,1143.42,1835.2,2.7,346188.0,10.4,108.5
2020-01-01,231940,0.75,1.8,7604.2998046875,1201.79,1812.8,2.9,336134.0,9.6,108.2
2020-02-01,230609,0.75,1.7,7326.2998046875,1260.35,1810.7,2.8,336134.0,9.6,108.6
2020-03-01,232684,0.1,1.5,6654.89990234375,1297.59,1815.0,2.2,336134.0,9.6,108.6
2020-03-01,232684,0.1,1.5,6654.89990234375,1297.59,1815.0,2.2,336134.0,9.6,108.6
2020-03-01,232684,0.25,1.5,6654.89990234375,1297.59,1815.0,2.2,336134.0,9.6,108.6
2020-03-01,232684,0.25,1.5,6654.89990234375,1297.59,1815.0,2.2,336134.0,9.6,108.6
2020-04-01,230318,0.25,0.8,5454.60009765625,1349.94,1918.5,0.9,259158.0,8.2,108.5
2020-05-01,231508,0.25,0.5,5763.10009765625,1398.28,1989.5,-0.4,259158.0,8.2,108.5
2020-06-01,234703,0.25,0.6,6166.39990234375,1430.96,2024.9,-1.1,259158.0,8.2,108.6
2020-07-01,236687,0.25,1.0,6158.0,1497.07,2036.4,-0.9,308681.0,10.2,109.1
2020-08-01,238998,0.25,0.2,6032.89990234375,1461.85,2067.5,0.2,308681.0,10.2,108.6
2020-09-01,241541,0.25,0.5,5862.10009765625,1459.55,2069.8,1.5,308681.0,10.2,109.1
2020-10-01,243575,0.25,0.7,5879.5,1455.41,2100.8,2.8,304080.0,9.1,109.1
2020-11-01,246065,0.25,0.3,5655.0,1320.21,2129.5,3.7,304080.0,9.1,108.9
2020-12-01,247983,0.25,0.6,6384.7001953125,1380.88,2153.1,4.6,304080.0,9.1,109.2
2021-01-01,249690,0.25,0.7,6571.89990234375,1357.27,2134.2,4.8,293745.0,9.0,109.0
2021-02-01,249586,0.25,0.4,6466.39990234375,1246.58,2157.8,4.5,293745.0,9.0,109.1
2021-03-01,253506,0.25,0.7,6588.5,1225.67,2153.0,4.2,293745.0,9.0,109.4
2021-04-01,250210,0.25,1.5,6737.2998046875,1276.7,2191.7,5.6,323597.0,9.3,110.1
2021-05-01,251285,0.25,2.1,6923.2001953125,1336.58,2219.8,7.5,323597.0,9.3,110.8
2021-06-01,265676,0.25,2.5,7080.5,1276.3,2225.2,8.9,323597.0,9.3,111.3
2021-07-01,252960,0.25,2.0,7125.2001953125,1313.16,2238.2,8.4,332958.0,9.3,111.3
2021-08-01,260429,0.25,3.2,7081.7001953125,1318.69,2226.5,7.2,332958.0,9.3,112.1
2021-09-01,269003,0.25,3.1,7149.7998046875,1292.54,2237.4,5.9,332958.0,9.3,112.4
2021-10-01,263333,0.25,4.2,7027.10009765625,1290.64,2319.1,5.0,333650.0,9.5,113.6
2021-11-01,267370,0.25,5.1,7288.60009765625,1363.87,2349.9,4.2,333650.0,9.5,114.5
2021-12-01,268115,0.25,5.4,7168.7001953125,1333.27,2361.7,4.6,333650.0,9.5,115.1
2022-01-01,272738,0.25,5.5,7505.2001953125,1338.09,2350.7,4.8,337725.0,9.8,114.9
2022-02-01,272454,0.5,6.2,7535.7998046875,1423.4,2350.6,5.6,337725.0,9.8,115.8
2022-03-01,273787,0.75,7.0,7330.2001953125,1434.0,2382.5,7.0,337725.0,9.8,117.1
2022-04-01,276917,0.75,9.0,7537.89990234375,1472.44,2384.0,6.9,338452.0,9.8,120.0
2022-05-01,280433,1.0,,7561.2998046875,1482.23,2402.5,6.4,338452.0,9.8,120.8
2022-06-01,282777,1.25,9.4,7533.0,1453.51,2424.9,5.1,338452.0,9.8,121.8
2022-07-01,288156,1.25,10.1,7168.7001953125,1486.44,2420.2,5.4,337395.0,9.1,122.5
2022-08-01,290541,1.75,9.9,7413.39990234375,1443.26,2430.7,6.0,337395.0,9.1,123.1
2022-09-01,291909,2.25,10.1,7148.5,1471.08,2441.3,5.9,337395.0,9.1,123.8
2022-10-01,291496,2.25,11.1,6908.7998046875,1482.76,2453.7,6.2,338155.0,10.2,126.2
2022-11-01,291899,3.0,10.7,7186.2001953125,1431.6,2477.3,6.5,338155.0,10.2,126.7
2022-12-01,290003,3.5,10.5,7558.5,1465.32,2495.8,6.0,338155.0,10.2,127.2
2023-01-01,286762,3.5,10.1,7554.10009765625,1540.16,2484.9,5.9,338285.0,10.7,126.4
2023-02-01,284830,4.0,10.4,7761.10009765625,1563.39,2500.7,5.8,338285.0,10.7,127.9
2023-03-01,282115,4.25,10.1,7914.89990234375,1532.84,2538.4,6.2,338285.0,10.7,128.9
2023-04-01,282730,4.25,8.7,7673.0,1591.06,2541.1,6.8,340812.0,9.6,130.4
2023-05-01,284507,4.5,8.7,7773.0,1576.01,2570.8,7.2,340812.0,9.6,131.3
2023-06-01,287800,5.0,7.9,7490.2998046875,1510.71,2598.4,8.4,340812.0,9.6,131.5
2023-07-01,290109,5.0,6.8,7527.2998046875,1524.85,2581.3,8.5,340812.0,9.6,130.9
2023-08-01,291044,5.25,6.7,7666.2998046875,1524.85,2592.8,8.1,342189.0,9.6,131.3
